Workbook
Name Slicer_Carrier_ID: #N/A
Name Slicer_Delay_Category: #N/A
Name Slicer_Delivery_Status: #N/A
Name Slicer_Warehouse_ID: #N/A

Sheet Customers
A1: Customer_ID | B1: Customer_Name | C1: Region | D1: Customer_Type
A2: C001 | B2: London Wholesale Group | C2: UK | D2: Business
A3: C002 | B3: Nordic Fashion AB | C3: Sweden | D3: Retail
A4: C003 | B4: Britannia City Supply | C4: UK | D4: VIP
A5: C004 | B5: Berlin Retail Partners | C5: Germany | D5: Retail
A6: C005 | B6: Copenhagen Electronics A/S | C6: Denmark | D6: Retail
A7: C006 | B7: Budapest Fashion House | C7: Hungary | D7: Retail
A8: C007 | B8: Polska Continental Services | C8: Poland | D8: Business
A9: C008 | B9: Amsterdam Capital Markets | C9: Netherlands | D9: Retail
A10: C009 | B10: Rhine Tech Logistics | C10: Germany | D10: Retail
A11: C010 | B11: Bavaria Appliance Distribution | C11: Germany | D11: Retail
A12: C011 | B12: Hamburg Metro Trading | C12: Germany | D12: Retail
... A56: C055 | B56: Paris Capital Service Supply | C56: France | D56: Retail

Sheet Products
A1: Product_ID | B1: Product_Category | C1: Handling_Type | D1: Value_Level
A2: P001 | B2: Electronics | C2: Fragile | D2: Medium
A3: P002 | B3: Electronics | C3: Fragile | D3: High
A4: P003 | B4: Electronics | C4: Fragile | D4: High
A5: P004 | B5: Electronics | C5: Fragile | D5: Medium
A6: P005 | B6: Electronics | C6: Fragile | D6: Medium
A7: P006 | B7: Electronics | C7: Fragile | D7: Medium
A8: P007 | B8: Electronics | C8: Fragile | D8: Low
A9: P008 | B9: Electronics | C9: Fragile | D9: High
A10: P009 | B10: Clothing | C10: Standard | D10: Low
A11: P010 | B11: Clothing | C11: Standard | D11: Low
A12: P011 | B12: Clothing | C12: Standard | D12: High
... A41: P040 | B41: Home Appliances | C41: Heavy | D41: Low

Sheet Warehouses
A1: Warehouse_ID | B1: Warehouse_Name | C1: City | D1: Storage_Type | E1: Capacity_Level
A2: W001 | B2: Central Hub | C2: Berlin | D2: General | E2: High
A3: W002 | B3: Cold Storage Hub North | C3: Hamburg | D3: Temperature | E3: High
A4: W003 | B4: Fragile Handling Center | C4: Milan | D4: Fragile | E4: Medium
A5: W004 | B5: Heavy Goods Depot | C5: Warsaw | D5: Heavy | E5: High
A6: W005 | B6: Cold Storage Hub West | C6: Rotterdam | D6: Temperature | E6: Medium

Sheet Carriers
A1: Carrier_ID | B1: Carrier_Name | C1: Transport_Mode | D1: Reliability_Rating
A2: CA001 | B2: DHL | C2: Road/Air | D2: 5
A3: CA002 | B3: UPS | C3: Road/Air | D3: 4
A4: CA003 | B4: Maersk | C4: Sea | D4: 4
A5: CA004 | B5: DB Rail | C5: Rail | D5: 3
A6: CA005 | B6: FedEx | C6: Air/Road | D6: 5
A7: CA006 | B7: Euro Local Trucking | C7: Road | D7: 3

Sheet Routes
A1: Route_ID | B1: Origin_City | C1: Destination_City | D1: Standard_Transit_Days
A2: R001 | B2: Berlin | C2: Paris | D2: 2
A3: R002 | B3: Berlin | C3: Rome | D3: 4
A4: R003 | B4: Hamburg | C4: Madrid | D4: 4
A5: R004 | B5: Hamburg | C5: Stockholm | D5: 3
A6: R005 | B6: Milan | C6: Berlin | D6: 3
A7: R006 | B7: Milan | C7: London | D7: 4
A8: R007 | B8: Warsaw | C8: Frankfurt | D8: 2
A9: R008 | B9: Warsaw | C9: Barcelona | D9: 4
A10: R009 | B10: Rotterdam | C10: Budapest | D10: 4
A11: R010 | B11: Rotterdam | C11: Prague | D11: 3
A12: R011 | B12: Hamburg | C12: Vienna | D12: 3
A13: R012 | B13: Berlin | C13: Amsterdam | D13: 2

Sheet Orders
A1: Order_ID | B1: Customer_ID | C1: Order_Date | D1: Requested_Delivery_Date | E1: Order_Priority
A2: O0001 | B2: C007 | C2: 45829 | D2: 45840 | E2: High
A3: O0002 | B3: C008 | C3: 45984 | D3: 45991 | E3: Normal
A4: O0003 | B4: C032 | C4: 46030 | D4: 46042 | E4: Critical
A5: O0004 | B5: C046 | C5: 46047 | D5: 46051 | E5: High
A6: O0005 | B6: C027 | C6: 46006 | D6: 46018 | E6: Normal
A7: O0006 | B7: C042 | C7: 46042 | D7: 46046 | E7: High
A8: O0007 | B8: C053 | C8: 45994 | D8: 46007 | E8: Critical
A9: O0008 | B9: C001 | C9: 45890 | D9: 45893 | E9: High
A10: O0009 | B10: C051 | C10: 46052 | D10: 46061 | E10: High
A11: O0010 | B11: C047 | C11: 45940 | D11: 45951 | E11: High
A12: O0011 | B12: C014 | C12: 46010 | D12: 46013 | E12: Normal
A13: O0012 | B13: C024 | C13: 45969 | D13: 45973 | E13: Critical
... A251: O0250 | B251: C048 | C251: 45793 | D251: 45799 | E251: Normal

Sheet Order_ID
A1: Order_Item_ID | B1: Order_ID | C1: Product_ID | D1: Quantity
A2: OI00001 | B2: O0001 | C2: P036 | D2: 16
A3: OI00002 | B3: O0002 | C3: P038 | D3: 47
A4: OI00003 | B4: O0002 | C4: P002 | D4: 10
A5: OI00004 | B5: O0003 | C5: P022 | D5: 11
A6: OI00005 | B6: O0003 | C6: P007 | D6: 29
A7: OI00006 | B7: O0003 | C7: P035 | D7: 27
A8: OI00007 | B8: O0003 | C8: P021 | D8: 37
A9: OI00008 | B9: O0003 | C9: P013 | D9: 46
A10: OI00009 | B10: O0004 | C10: P033 | D10: 20
A11: OI00010 | B11: O0005 | C11: P026 | D11: 5
A12: OI00011 | B12: O0005 | C12: P005 | D12: 32
A13: OI00012 | B13: O0006 | C13: P001 | D13: 44
... A744: OI00743 | B744: O0250 | C744: P026 | D744: 23

Sheet On_Time_Delivery_Perf
A3: Row Labels | B3: Count of Shipment_ID
A4: Late | B4: 0.328125
A5: On Time | B5: 0.671875
A6: Grand Total | B6: 1

Sheet Warehouse_Performance
A3: Row Labels | B3: Count of Shipment_ID
A4: W001 | B4: 55
A5: W002 | B5: 72
A6: W003 | B6: 55
A7: W004 | B7: 78
A8: W005 | B8: 60
A9: Grand Total | B9: 320

Sheet Route_Performance
A3: Row Labels | B3: Average of Delay_Days
A4: R001 | B4: 0.52173913
A5: R002 | B5: 1.2222222
A6: R003 | B6: 1
A7: R004 | B7: 1.6956522
A8: R005 | B8: 1.1724138
A9: R006 | B9: 0.92307692
A10: R007 | B10: 0.93333333
A11: R008 | B11: 1.4
A12: R009 | B12: 0.89655172
A13: R010 | B13: 0.92307692
A14: R011 | B14: 1
A15: R012 | B15: 0.53846154
A16: Grand Total | B16: 1.021875

Sheet Delay_Category
A3: Row Labels | B3: Count of Shipment_ID
A4: Major Delay | B4: 65
A5: Minor Delay | B5: 40
A6: On Time | B6: 215
A7: Grand Total | B7: 320

Sheet Shipments
A1: Shipment_ID | B1: Order_ID | C1: Warehouse_ID | D1: Carrier_ID | E1: Route_ID | F1: Dispatch_Date | G1: Planned_Delivery_Date | H1: Actual_Delivery_Date | I1: Delay_Days | J1: Delivery_Status | K1: Delay_Category
A2: S0001 | B2: O0153 | C2: W003 | D2: CA005 | E2: R011 | F2: =VLOOKUP(B2, Orders!A:E, 3, FALSE) + RANDBETWEEN(0,2) -> 45893 | G2: =F2+VLOOKUP(E2,Routes!A:D,4,FALSE) -> 45896 | H2: =G2+IF(RAND()<0.3,RANDBETWEEN(1,5),0) -> 45896 | I2: =H2-G2 -> 0 | J2: =IF(I2>0,"Late", "On Time") -> On Time | K2: =IF(I2<=0, "On Time", IF(I2<=2, "Minor Delay", "Major Delay")) -> On Time
A3: S0002 | B3: O0218 | C3: W002 | D3: CA004 | E3: R003 | F3: =VLOOKUP(B3, Orders!A:E, 3, FALSE) + RANDBETWEEN(0,2) -> 45977 | G3: =F3+VLOOKUP(E3,Routes!A:D,4,FALSE) -> 45981 | H3: =G3+IF(RAND()<0.3,RANDBETWEEN(1,5),0) -> 45981 | I3: =H3-G3 -> 0 | J3: =IF(I3>0,"Late", "On Time") -> On Time | K3: =IF(I3<=0, "On Time", IF(I3<=2, "Minor Delay", "Major Delay")) -> On Time
A4: S0003 | B4: O0038 | C4: W002 | D4: CA003 | E4: R009 | F4: =VLOOKUP(B4, Orders!A:E, 3, FALSE) + RANDBETWEEN(0,2) -> 45886 | G4: =F4+VLOOKUP(E4,Routes!A:D,4,FALSE) -> 45890 | H4: =G4+IF(RAND()<0.3,RANDBETWEEN(1,5),0) -> 45890 | I4: =H4-G4 -> 0 | J4: =IF(I4>0,"Late", "On Time") -> On Time | K4: =IF(I4<=0, "On Time", IF(I4<=2, "Minor Delay", "Major Delay")) -> On Time
A5: S0004 | B5: O0232 | C5: W002 | D5: CA004 | E5: R003 | F5: =VLOOKUP(B5, Orders!A:E, 3, FALSE) + RANDBETWEEN(0,2) -> 45809 | G5: =F5+VLOOKUP(E5,Routes!A:D,4,FALSE) -> 45813 | H5: =G5+IF(RAND()<0.3,RANDBETWEEN(1,5),0) -> 45813 | I5: =H5-G5 -> 0 | J5: =IF(I5>0,"Late", "On Time") -> On Time | K5: =IF(I5<=0, "On Time", IF(I5<=2, "Minor Delay", "Major Delay")) -> On Time
A6: S0005 | B6: O0021 | C6: W005 | D6: CA005 | E6: R012 | F6: =VLOOKUP(B6, Orders!A:E, 3, FALSE) + RANDBETWEEN(0,2) -> 45855 | G6: =F6+VLOOKUP(E6,Routes!A:D,4,FALSE) -> 45857 | H6: =G6+IF(RAND()<0.3,RANDBETWEEN(1,5),0) -> 45857 | I6: =H6-G6 -> 0 | J6: =IF(I6>0,"Late", "On Time") -> On Time | K6: =IF(I6<=0, "On Time", IF(I6<=2, "Minor Delay", "Major Delay")) -> On Time
A7: S0006 | B7: O0184 | C7: W002 | D7: CA006 | E7: R003 | F7: =VLOOKUP(B7, Orders!A:E, 3, FALSE) + RANDBETWEEN(0,2) -> 45818 | G7: =F7+VLOOKUP(E7,Routes!A:D,4,FALSE) -> 45822 | H7: =G7+IF(RAND()<0.3,RANDBETWEEN(1,5),0) -> 45822 | I7: =H7-G7 -> 0 | J7: =IF(I7>0,"Late", "On Time") -> On Time | K7: =IF(I7<=0, "On Time", IF(I7<=2, "Minor Delay", "Major Delay")) -> On Time
A8: S0007 | B8: O0214 | C8: W004 | D8: CA003 | E8: R010 | F8: =VLOOKUP(B8, Orders!A:E, 3, FALSE) + RANDBETWEEN(0,2) -> 45918 | G8: =F8+VLOOKUP(E8,Routes!A:D,4,FALSE) -> 45921 | H8: =G8+IF(RAND()<0.3,RANDBETWEEN(1,5),0) -> 45921 | I8: =H8-G8 -> 0 | J8: =IF(I8>0,"Late", "On Time") -> On Time | K8: =IF(I8<=0, "On Time", IF(I8<=2, "Minor Delay", "Major Delay")) -> On Time
A9: S0008 | B9: O0199 | C9: W001 | D9: CA005 | E9: R009 | F9: =VLOOKUP(B9, Orders!A:E, 3, FALSE) + RANDBETWEEN(0,2) -> 45912 | G9: =F9+VLOOKUP(E9,Routes!A:D,4,FALSE) -> 45916 | H9: =G9+IF(RAND()<0.3,RANDBETWEEN(1,5),0) -> 45916 | I9: =H9-G9 -> 0 | J9: =IF(I9>0,"Late", "On Time") -> On Time | K9: =IF(I9<=0, "On Time", IF(I9<=2, "Minor Delay", "Major Delay")) -> On Time
A10: S0009 | B10: O0199 | C10: W002 | D10: CA001 | E10: R012 | F10: =VLOOKUP(B10, Orders!A:E, 3, FALSE) + RANDBETWEEN(0,2) -> 45913 | G10: =F10+VLOOKUP(E10,Routes!A:D,4,FALSE) -> 45915 | H10: =G10+IF(RAND()<0.3,RANDBETWEEN(1,5),0) -> 45915 | I10: =H10-G10 -> 0 | J10: =IF(I10>0,"Late", "On Time") -> On Time | K10: =IF(I10<=0, "On Time", IF(I10<=2, "Minor Delay", "Major Delay")) -> On Time
A11: S0010 | B11: O0230 | C11: W002 | D11: CA001 | E11: R010 | F11: =VLOOKUP(B11, Orders!A:E, 3, FALSE) + RANDBETWEEN(0,2) -> 45908 | G11: =F11+VLOOKUP(E11,Routes!A:D,4,FALSE) -> 45911 | H11: =G11+IF(RAND()<0.3,RANDBETWEEN(1,5),0) -> 45911 | I11: =H11-G11 -> 0 | J11: =IF(I11>0,"Late", "On Time") -> On Time | K11: =IF(I11<=0, "On Time", IF(I11<=2, "Minor Delay", "Major Delay")) -> On Time
A12: S0011 | B12: O0129 | C12: W005 | D12: CA004 | E12: R009 | F12: =VLOOKUP(B12, Orders!A:E, 3, FALSE) + RANDBETWEEN(0,2) -> 45888 | G12: =F12+VLOOKUP(E12,Routes!A:D,4,FALSE) -> 45892 | H12: =G12+IF(RAND()<0.3,RANDBETWEEN(1,5),0) -> 45892 | I12: =H12-G12 -> 0 | J12: =IF(I12>0,"Late", "On Time") -> On Time | K12: =IF(I12<=0, "On Time", IF(I12<=2, "Minor Delay", "Major Delay")) -> On Time
A13: S0012 | B13: O0094 | C13: W003 | D13: CA003 | E13: R004 | F13: =VLOOKUP(B13, Orders!A:E, 3, FALSE) + RANDBETWEEN(0,2) -> 45901 | G13: =F13+VLOOKUP(E13,Routes!A:D,4,FALSE) -> 45904 | H13: =G13+IF(RAND()<0.3,RANDBETWEEN(1,5),0) -> 45904 | I13: =H13-G13 -> 0 | J13: =IF(I13>0,"Late", "On Time") -> On Time | K13: =IF(I13<=0, "On Time", IF(I13<=2, "Minor Delay", "Major Delay")) -> On Time
... A321: S0320 | B321: O0229 | C321: W002 | D321: CA004 | E321: R007 | F321: =VLOOKUP(B321, Orders!A:E, 3, FALSE) + RANDBETWEEN(0,2) -> 45874 | G321: =F321+VLOOKUP(E321,Routes!A:D,4,FALSE) -> 45876 | H321: =G321+IF(RAND()<0.3,RANDBETWEEN(1,5),0) -> 45876 | I321: =H321-G321 -> 0 | J321: =IF(I321>0,"Late", "On Time") -> On Time | K321: =IF(I321<=0, "On Time", IF(I321<=2, "Minor Delay", "Major Delay")) -> On Time

Sheet Dashboard
G1: European Logistics Performance Dashboard
D4: Delivery Reliability Rate | O4: Network Performance Analysis
P19: Delay Monitoring
D20: Operational Performance
